                                                   1.7 OPTIMIZING DATABASE

//1 list product name&quantity of invoice items.

mysql> select * from product;
+-----+--------+-------+
| pid | pname  | price |
+-----+--------+-------+
|   1 | pen    |    51 |Update ass1.5 subquery
|   2 | pencil |    71 |
|   3 | soap   |   102 |
|   4 | bottle |   255 |
|   5 | dew    |    82 |
+-----+--------+-------+
5 rows in set (0.00 sec)

mysql> select * from invoice_item;
+--------+------+----------+
| inv_id | pid  | quantity |
+--------+------+----------+
|    103 |    4 |        5 |
|    101 |    2 |        1 |
|    102 |    4 |        1 |Update ass1.5 subquery
+--------+------+----------+
3 rows in set (0.00 sec)

mysql> select pname,quantity from product INNER JOIN invoice_item ON product.pid=invoice_item.pid;
+--------+----------+
| pname  | quantity |
+--------+----------+Update ass1.5 subquery
| bottle |        5 |
| pencil |        1 |
| bottle |        1 |
+--------+----------+
3 rows in set (0.00 sec)

//2Display invoice details of the transaction dated'2023

mysql> select*from customer;
+-------+--------+---------+----------+------------+
| id    | name   | address | city     | ph_no      |
+-------+--------+---------+----------+------------+
| 10004 | aysha  | QRSTU   | kanur    |       NULL |
| 10005 | hudha  | WXYZA   | wyd      | 9885455078 |
| 10006 | lumna  | LMNOP   | EKM      | 9876543212 |
| 10007 | banu   | ABCD    | palakkaUpdate ass1.5 subqueryd | 8085458321 |
| 10008 | shamla | HIJK    | Calicut  | 8056091221 |
| 10009 | thehzi | ZABC    | Calicut  | 6789034217 |
+-------+--------+---------+----------+------------+
6 rows in set (0.00 sec)

mysql> select*from invoice_master;
+--------+---------+------------+
| inv_id | cust_id | inv_date   |
+--------+---------+------------+
|    101 |   10001 | 2022-07-20 |
|    102 |   10002 | 2021-01-14 |
|    103 |   10003 | 2023-04-17 |
|    104 |   10001 | 2023-01-24 |
|    105 |   10005 | 2023-01-24 |
+--------+---------+------------+
5 rows in set (0.00 sec)


mysql> select * from invoice_item;
+--------+------+----------+
| inv_id | pid  | quantity |
+--------+------+----------+
|    103 |    4 |        5 |
|    101 |    2 |        1 |
|    102 |    4 |        1 |
|    105 |    3 |        2 |
+--------+------+----------+
4 rows in set (0.01 sec)

mysql> select * from product;
+-----+--------+-------+
| pid | pname  | price |
+-----+--------+-------+
|   1 | pen    |    51 |
|   2 | pencil |    71 |
|   3 | soap   |   102 |
|   4 | bottle |   255 |
|   5 | dew    |    82 |
+-----+--------+-------+
5 rows in set (0.00 sec)

mysql> select * from customer INNER JOIN invoice_master ON customer.id=invoice_master.cust_id INNER JOIN invoice_item ON invoice_master.inv_id= invoice_item.inv_id INNER JOIN product ON invoice_item.pid=product.pid where inv_date=20230124;
+-------+-------+---------+------+------------+--------+---------+------------+--------+------+----------+-----+-------+-------+
| id    | name  | address | city | ph_no      | inv_id | cust_id | inv_date   | inv_id | pid  | quantity | pid | pname | price |
+-------+-------+---------+------+------------+--------+---------+------------+--------+------+----------+-----+-------+-------+
| 10005 | hudha | WXYZA   | wyd  | 9885455078 |    105 |   10005 | 2023-01-24 |    105 |    3 |        2 |   3 | soap  |   102 |
+-------+-------+---------+------+------------+--------+---------+------------+--------+------+----------+-----+-------+-------+
1 row in set (0.00 sec)



   


