//1
mysql> select * from customer;
+-------+-------+---------+-------+------------+
| id    | name  | address | city  | ph_no      |
+-------+-------+---------+-------+------------+
| 10004 | aysha | QRSTU   | kanur |       NULL |
| 10005 | hudha | WXYZA   | wyd   | 9885455078 |
| 10006 | lumna | LMNOP   | EKM   | 9876543212 |
+-------+-------+---------+-------+------------+
3 rows in set (0.00 sec)

mysql> select * from invoice_master;
+--------+---------+------------+
| inv_id | cust_id | inv_date   |
+--------+---------+------------+
|    101 |   10001 | 2022-07-20 |
|    102 |   10002 | 2021-01-14 |
|    103 |   10003 | 2023-04-17 |
|    104 |   10001 | 2023-01-24 |
|    105 |   10005 | 2023-01-24 |
+--------+---------+------------+
5 rows in set (0.00 sec)

mysql> select name from customer where id IN(select cust_id from invoice_master where inv_date=20230124);
+-------+
| name  |
+-------+
| hudha |
+-------+
1 row in set (0.00 sec)

//2
mysql> select * from product;
+-----+--------+-------+
| pid | pname  | price |
+-----+--------+-------+
|   1 | pen    |    51 |
|   2 | pencil |    71 |
|   3 | soap   |   102 |
|   4 | bottle |   255 |
|   5 | dew    |    82 |
+-----+--------+-------+
5 rows in set (0.00 sec)

mysql> select * from invoice_item;
+--------+------+----------+
| inv_id | pid  | quantity |
+--------+------+----------+
|    103 |    4 |        5 |
|    101 |    2 |        1 |
|    102 |    4 |        1 |
+--------+------+----------+
3 rows in set (0.00 sec)

mysql> select pname,price from product where pid IN(select pid from invoice_item);
+--------+-------+
| pname  | price |
+--------+-------+
| pencil |    71 |
| bottle |   255 |
+--------+-------+
2 rows in set (0.00 sec)

//3
mysql> select * from product;
+-----+--------+-------+
| pid | pname  | price |
+-----+--------+-------+
|   1 | pen    |    51 |
|   2 | pencil |    71 |
|   3 | soap   |   102 |
|   4 | bottle |   255 |
|   5 | dew    |    82 |
+-----+--------+-------+
5 rows in set (0.00 sec)

mysql> select * from invoice_item;
+--------+------+----------+
| inv_id | pid  | quantity |
+--------+------+----------+
|    103 |    4 |        5 |
|    101 |    2 |        1 |
|    102 |    4 |        1 |
+--------+------+----------+
3 rows in set (0.00 sec)

mysql> select pname from product where pid IN(select pid from invoice_item where quantity >3);
+--------+
| pname  |
+--------+
| bottle |
+--------+
1 row in set (0.00 sec)

   
//VERIFIED
