2.1//create a procedure to display all tables in the invoice database
mysql> delimiter //
mysql> create PROCEDURE invoice()
    -> begin
    -> select * from customer;
    -> select * from product;
    -> select * from invoice_master;
    -> select * from invoice_item;
    -> end
    -> //
Query OK, 0 rows affected (0.00 sec)

mysql> call INVOICE();
    -> //
+-------+--------+---------+----------+------------+
| id    | name   | address | city     | ph_no      |
+-------+--------+---------+----------+------------+
| 10004 | aysha  | QRSTU   | kanur    |       NULL |
| 10005 | hudha  | WXYZA   | wyd      | 9885455078 |
| 10006 | lumna  | LMNOP   | EKM      | 9876543212 |
| 10007 | banu   | ABCD    | palakkad | 8085458321 |
| 10008 | shamla | HIJK    | Calicut  | 8056091221 |
| 10009 | thehzi | ZABC    | Calicut  | 6789034217 |
+-------+--------+---------+----------+------------+
6 rows in set (0.00 sec)

+-----+--------+-------+
| pid | pname  | price |
+-----+--------+-------+
|   1 | pen    |    51 |
|   2 | pencil |    71 |
|   3 | soap   |   102 |
|   4 | bottle |   255 |
|   5 | dew    |    82 |
+-----+--------+-------+
5 rows in set (0.00 sec)

+--------+---------+------------+
| inv_id | cust_id | inv_date   |
+--------+---------+------------+
|    101 |   10001 | 2022-07-20 |
|    102 |   10002 | 2021-01-14 |
|    103 |   10003 | 2023-04-17 |
|    104 |   10001 | 2023-01-24 |
|    105 |   10005 | 2023-01-24 |
+--------+---------+------------+
5 rows in set (0.00 sec)

+--------+------+----------+
| inv_id | pid  | quantity |
+--------+------+----------+
|    103 |    4 |        5 |
|    101 |    2 |        1 |
|    102 |    4 |        1 |
|    105 |    3 |        2 |
+--------+------+----------+
4 rows in set (0.01 sec)

Query OK, 0 rows affected (0.01 sec)

